Player Name,Salary,Position,Age,Team,GP,GS,MP,FG,FGA,FG%,3P,3PA,3P%,2P,2PA,2P%,eFG%,FT,FTA,FT%,ORB,DRB,TRB,AST,STL,BLK,TOV,PF,PTS,Total Minutes,PER,TS%,3PAr,FTr,ORB%,DRB%,TRB%,AST%,STL%,BLK%,TOV%,USG%,OWS,DWS,WS,WS/48,OBPM,DBPM,BPM,VORP,No.,Pos,Ht,Wt,Birth Date,Birth,Exp,College,tv_market_size,metro_population,star_player
Jalen Williams,4341480,SG,21,OKC,75,62,30.3,5.5,10.6,0.521,1.0,2.7,0.356,4.5,7.9,0.579,0.567,2.1,2.5,0.812,1.1,3.4,4.5,3.3,1.4,0.5,1.6,2.5,14.1,2276,15.6,0.601,0.258,0.241,3.9,12.2,7.9,15.4,2.1,1.4,12.3,18.4,3.0,2.6,5.6,0.119,-0.4,0.7,0.3,1.3,8,SG,6-6,220.0,"April 14, 2001",us US,R,Santa Clara,0.755,1408950,0
Franz Wagner,5258280,SF,21,ORL,80,80,32.6,6.8,14.0,0.485,1.6,4.5,0.361,5.2,9.5,0.544,0.543,3.4,4.0,0.842,0.9,3.2,4.1,3.5,1.0,0.2,2.1,2.3,18.6,2609,15.9,0.589,0.322,0.288,3.0,11.2,7.1,17.2,1.4,0.6,11.7,23.5,3.1,2.3,5.4,0.099,0.4,-0.5,-0.1,1.3,22,SF,6-10,225.0,"August 27, 2001",de DE,1,Michigan,1.731,2608147,0
JaVale McGee,5461219,C,35,DAL,42,7,8.5,1.9,3.0,0.64,0.0,0.1,0.4,1.9,2.9,0.65,0.648,0.6,1.0,0.585,0.7,1.8,2.5,0.3,0.1,0.6,0.9,1.3,4.4,355,17.2,0.65,0.04,0.328,9.7,25.5,17.5,5.2,0.6,6.5,20.1,22.8,0.1,0.5,0.6,0.076,-3.6,-0.1,-3.7,-0.1,0,C,7-0,270.0,"January 19, 1988",us US,14,Nevada,2.963,7573136,0
Justin Jackson,1836090,SF,27,BOS,23,0,4.7,0.3,1.2,0.259,0.2,0.9,0.25,0.1,0.3,0.286,0.352,0.0,0.1,0.5,0.1,0.7,0.7,0.4,0.2,0.2,0.1,0.3,0.9,107,6.3,0.359,0.741,0.074,2.1,15.1,8.7,10.5,1.8,3.2,6.7,12.2,-0.1,0.2,0.1,0.025,-4.2,1.6,-2.6,0.0,43,SF,6-8,220.0,"March 28, 1995",us US,5,UNC,2.49,4873019,0
Darius Days,508891,SF,23,HOU,4,0,6.3,1.3,3.0,0.417,0.8,2.5,0.3,0.5,0.5,1.0,0.542,0.5,0.5,1.0,0.3,1.3,1.5,0.3,0.0,0.3,0.0,0.5,3.8,25,18.3,0.582,0.833,0.167,4.3,22.2,13.2,6.2,0.0,3.9,0.0,21.4,0.1,0.0,0.1,0.156,4.7,-1.2,3.5,0.0,5,SF,6-7,245.0,"October 20, 1999",us US,R,LSU,2.57,7066141,0
Dwight Powell,11080125,C,31,DAL,76,64,19.2,2.6,3.5,0.732,0.0,0.1,0.0,2.6,3.5,0.746,0.732,1.5,2.2,0.667,2.0,2.2,4.1,0.9,0.6,0.3,0.9,2.8,6.7,1458,15.5,0.738,0.019,0.625,11.8,13.3,12.5,6.9,1.6,1.6,15.9,12.6,3.8,1.3,5.1,0.168,-1.2,0.0,-1.2,0.3,7,C,6-10,240.0,"July 20, 1991",ca CA,8,Stanford,2.963,7573136,0
Karl-Anthony Towns,33833400,PF,27,MIN,29,29,33.0,7.3,14.8,0.495,2.1,5.7,0.366,5.2,9.1,0.576,0.565,4.1,4.7,0.874,1.7,6.5,8.1,4.8,0.7,0.6,3.0,3.8,20.8,957,18.8,0.618,0.383,0.315,5.7,21.6,13.8,22.0,1.0,1.5,15.0,25.6,1.5,1.1,2.7,0.133,2.1,0.9,3.0,1.2,32,PF,7-0,248.0,"November 15, 1995",us US,7,Kentucky,1.887,3654908,0
Gabe Vincent,1815677,PG,26,MIA,68,34,25.9,3.4,8.3,0.402,1.7,5.1,0.334,1.6,3.2,0.512,0.505,1.0,1.1,0.872,0.4,1.7,2.1,2.5,0.9,0.1,1.4,2.3,9.4,1759,9.0,0.533,0.617,0.138,1.7,8.1,4.8,13.9,1.8,0.3,13.3,17.5,-0.3,1.7,1.4,0.038,-3.1,-0.3,-3.4,-0.6,2,PG,6-3,195.0,"June 14, 1996",us US,3,UC Santa Barbara,1.693,6166488,0
Luka Garza,508891,C,24,MIN,28,0,8.7,2.3,4.1,0.543,0.5,1.4,0.359,1.8,2.8,0.636,0.603,1.5,1.9,0.788,1.2,1.1,2.3,0.6,0.1,0.1,0.5,1.5,6.5,243,23.0,0.652,0.336,0.448,15.5,13.5,14.5,11.8,0.6,0.7,9.2,26.9,0.9,0.2,1.1,0.211,2.2,-2.6,-0.4,0.1,55,C,6-10,235.0,"December 27, 1998",us US,1,Iowa,1.887,3654908,0
Edmond Sumner,1968175,SG,27,BRK,53,12,13.9,2.3,5.1,0.461,0.6,1.6,0.356,1.8,3.4,0.511,0.519,1.9,2.0,0.917,0.2,1.2,1.5,1.3,0.6,0.2,0.9,1.6,7.1,736,14.0,0.597,0.323,0.401,2.0,9.9,6.0,13.3,2.1,1.2,13.6,22.1,0.6,0.7,1.3,0.086,-2.4,-0.2,-2.6,-0.1,4,SG,6-4,196.0,"December 31, 1995",us US,4,Xavier,7.453,19216182,0
Precious Achiuwa,2840160,C,23,TOR,55,12,20.7,3.6,7.3,0.485,0.5,2.0,0.269,3.0,5.4,0.564,0.521,1.6,2.3,0.702,1.8,4.1,6.0,0.9,0.6,0.5,1.1,1.9,9.2,1140,15.2,0.554,0.267,0.307,9.3,24.4,16.3,6.3,1.3,2.6,11.4,19.4,0.8,1.4,2.2,0.093,-1.4,-0.8,-2.3,-0.1,5,C,6-8,225.0,"September 19, 1999",ng NG,2,Memphis,2.246,5928040,0
Corey Kispert,3552840,SF,23,WAS,74,45,28.3,3.9,7.9,0.497,2.2,5.2,0.424,1.7,2.7,0.637,0.637,1.0,1.2,0.852,0.4,2.4,2.8,1.2,0.4,0.1,0.7,1.3,11.1,2093,11.5,0.657,0.656,0.15,1.8,8.9,5.5,5.7,0.7,0.4,8.1,14.1,2.9,0.9,3.8,0.088,-0.1,-1.4,-1.5,0.2,24,SF,6-7,220.0,"March 3, 1999",us US,1,Gonzaga,2.566,6280487,0
Kenrich Williams,2000000,PF,28,OKC,53,10,22.8,3.4,6.5,0.517,0.9,2.5,0.373,2.4,4.0,0.608,0.59,0.3,0.7,0.436,1.8,3.1,4.9,2.0,0.8,0.3,0.6,2.1,8.0,1206,14.4,0.585,0.387,0.113,8.5,14.9,11.6,11.7,1.8,1.1,8.1,13.7,2.0,1.3,3.3,0.133,0.1,0.4,0.5,0.8,34,PF,6-7,210.0,"December 2, 1994",us US,4,TCU,0.755,1408950,0
Devon Dotson,169630,PG,23,WAS,6,0,8.8,0.2,1.7,0.1,0.2,0.7,0.25,0.0,1.0,0.0,0.15,0.0,0.0,,1.0,0.7,1.7,1.3,0.8,0.0,0.5,1.5,0.5,53,4.8,0.15,0.4,0.0,13.1,8.1,10.5,17.6,4.6,0.0,23.1,10.7,-0.1,0.1,0.0,-0.025,-7.0,1.8,-5.3,0.0,15,PG,6-2,185.0,"August 2, 1999",us US,2,Kansas,2.566,6280487,0
Haywood Highsmith,1752638,PF,26,MIA,54,11,17.9,1.7,4.0,0.431,0.7,2.0,0.339,1.0,2.0,0.523,0.516,0.2,0.5,0.464,1.1,2.4,3.5,0.8,0.7,0.3,0.8,1.5,4.4,969,8.5,0.517,0.505,0.13,6.7,16.4,11.4,6.2,1.9,1.8,16.5,12.5,-0.3,1.3,0.9,0.046,-3.7,0.7,-3.1,-0.3,24,PF,6-7,220.0,"December 9, 1996",us US,2,Wheeling University,1.693,6166488,0
Gabe York,32171,SG,29,IND,3,0,18.7,2.7,7.0,0.381,2.0,6.0,0.333,0.7,1.0,0.667,0.524,0.7,0.7,1.0,0.0,2.0,2.0,1.7,0.7,0.0,0.0,1.7,8.0,56,11.8,0.548,0.857,0.095,0.0,11.9,5.9,12.3,1.7,0.0,0.0,16.4,0.1,0.0,0.1,0.091,-1.7,-1.8,-3.5,0.0,32,SG,6-3,185.0,"August 2, 1993",us US,1,Arizona,1.183,2074537,0
Bam Adebayo,30351780,C,25,MIA,75,75,34.6,8.0,14.9,0.54,0.0,0.2,0.083,8.0,14.7,0.545,0.541,4.3,5.4,0.806,2.5,6.7,9.2,3.2,1.2,0.8,2.5,2.8,20.4,2598,20.1,0.592,0.011,0.361,8.0,23.6,15.5,15.9,1.7,2.4,12.7,25.2,3.6,3.8,7.4,0.137,0.8,0.8,1.5,2.3,13,C,6-9,255.0,"July 18, 1997",us US,5,Kentucky,1.693,6166488,1
Dewayne Dedmon,8283688,C,33,PHI,38,1,11.2,2.0,4.0,0.51,0.3,1.0,0.308,1.7,2.9,0.58,0.55,0.9,1.3,0.673,0.9,2.6,3.5,0.7,0.2,0.5,0.7,2.0,5.2,426,15.5,0.577,0.258,0.325,9.1,28.3,18.5,9.5,1.1,4.4,12.7,20.6,0.3,0.7,1.0,0.115,-2.6,1.0,-1.6,0.0,14,C,7-0,245.0,"August 12, 1989",us US,9,USC,2.997,6102434,0
Sterling Brown,3122602,SF,27,LAL,4,0,6.0,0.0,1.0,0.0,0.0,0.5,0.0,0.0,0.5,0.0,0.0,0.0,0.0,,0.8,1.3,2.0,0.5,0.8,0.0,0.0,1.0,0.0,24,7.0,0.0,0.5,0.0,13.9,21.6,17.8,9.4,5.9,0.0,0.0,7.0,0.0,0.1,0.0,0.04,-7.7,4.3,-3.3,0.0,9,SF,6-5,219.0,"February 10, 1995",us US,5,SMU,5.735,13214799,0
Kendrick Nunn,5250000,SG,27,LAL,70,2,13.8,2.7,6.4,0.424,1.1,3.2,0.354,1.6,3.2,0.493,0.512,0.5,0.6,0.854,0.2,1.3,1.6,1.3,0.4,0.1,0.9,0.9,7.1,964,11.1,0.53,0.496,0.091,1.8,10.3,6.2,13.8,1.4,0.6,12.4,23.7,-0.6,0.8,0.2,0.008,-2.0,-1.5,-3.5,-0.4,12,SG,6-2,190.0,"August 3, 1995",us US,2,"Illinois, Oakland",5.735,13214799,0
Kyrie Irving,38917057,PG-SG,30,BRK,60,60,37.4,9.9,20.1,0.494,3.1,8.3,0.379,6.8,11.8,0.574,0.572,4.1,4.6,0.905,1.0,4.1,5.1,5.5,1.1,0.8,2.1,2.8,27.1,2241,22.4,0.613,0.412,0.227,3.0,12.3,7.7,25.4,1.4,1.7,8.8,28.9,5.4,2.0,7.4,0.159,4.8,-0.7,4.1,3.5,11,PG,6-2,195.0,"March 23, 1992",au AU,11,Duke,7.453,19216182,1
Eric Gordon,19568360,SG,34,HOU,69,58,28.5,4.2,9.5,0.446,1.9,5.2,0.371,2.3,4.3,0.535,0.547,2.1,2.5,0.821,0.2,1.7,1.9,2.7,0.6,0.4,1.5,1.1,12.4,1965,11.8,0.587,0.545,0.265,0.9,6.7,3.8,13.4,1.1,1.2,12.5,17.8,1.8,0.5,2.3,0.056,-0.5,-1.4,-1.9,0.1,10,SG,6-3,215.0,"December 25, 1988",us US,14,Indiana,2.57,7066141,0
Tyrese Maxey,2726880,SG,22,PHI,60,41,33.6,7.3,15.2,0.481,2.7,6.2,0.434,4.7,9.1,0.513,0.568,3.0,3.6,0.845,0.4,2.6,2.9,3.5,0.8,0.1,1.3,2.2,20.3,2016,17.0,0.605,0.404,0.233,1.4,8.8,5.2,16.9,1.2,0.4,7.4,24.1,3.7,1.6,5.4,0.128,1.9,-1.2,0.6,1.3,0,SG,6-2,200.0,"November 4, 2000",us US,2,Kentucky,2.997,6102434,0
Tyler Dorsey,201802,SF,26,DAL,3,0,2.7,1.3,1.7,0.8,0.3,0.7,0.5,1.0,1.0,1.0,0.9,0.0,0.0,,0.3,0.3,0.7,0.0,0.0,0.0,0.0,0.0,3.0,8,45.5,0.9,0.4,0.0,14.4,14.7,14.5,0.0,0.0,0.0,0.0,28.3,0.1,0.0,0.1,0.367,17.0,0.8,17.8,0.0,5,SF,6-5,183.0,"February 18, 1996",us US,2,Oregon,2.963,7573136,0
Jock Landale,1563518,C,27,PHO,69,4,14.2,2.6,4.9,0.528,0.3,1.2,0.25,2.3,3.7,0.621,0.559,1.1,1.5,0.752,1.7,2.3,4.1,1.0,0.2,0.4,0.9,1.8,6.6,979,16.4,0.595,0.249,0.312,13.2,18.6,15.8,10.1,0.8,2.7,13.3,19.3,1.5,1.2,2.7,0.132,-0.7,-0.4,-1.1,0.2,11,C,6-11,256.0,"October 25, 1995",au AU,1,Saint Mary's,2.158,4948203,0
Dominick Barlow,508891,PF,19,SAS,28,0,14.6,1.6,3.1,0.535,0.0,0.1,0.0,1.6,2.9,0.561,0.535,0.6,0.9,0.72,1.6,2.0,3.6,0.9,0.4,0.7,0.5,2.0,3.9,408,12.4,0.567,0.047,0.291,11.9,15.6,13.7,7.6,1.2,3.8,13.4,11.3,0.5,0.2,0.7,0.082,-3.7,-0.8,-4.6,-0.3,26,PF,6-9,221.0,"May 26, 2003",us US,R,,1.031,2550960,0
Russell Westbrook,47080179,PG,34,LAL,73,24,29.1,5.9,13.6,0.436,1.2,3.9,0.311,4.7,9.7,0.487,0.481,2.8,4.3,0.656,1.2,4.6,5.8,7.5,1.0,0.5,3.5,2.2,15.9,2126,16.1,0.513,0.289,0.317,4.7,16.5,10.8,38.6,1.7,1.3,18.4,27.7,-0.6,2.6,1.9,0.044,0.3,-0.1,0.2,1.2,0,PG,6-4,200.0,"November 12, 1988",us US,14,UCLA,5.735,13214799,0
Shaedon Sharpe,6012960,SG,19,POR,80,15,22.2,3.8,8.1,0.472,1.3,3.5,0.36,2.6,4.6,0.559,0.551,0.9,1.3,0.714,0.8,2.2,3.0,1.2,0.5,0.3,1.0,1.7,9.9,1779,11.5,0.568,0.437,0.162,4.0,11.3,7.6,7.9,1.0,1.2,10.7,19.0,0.6,0.6,1.2,0.032,-1.3,-2.0,-3.3,-0.6,17,SG,6-6,200.0,"May 30, 2003",ca CA,R,Kentucky,1.315,2492412,0
Trae Young,37096500,PG,24,ATL,73,73,34.8,8.2,19.0,0.429,2.1,6.3,0.335,6.1,12.7,0.476,0.485,7.8,8.8,0.886,0.8,2.2,3.0,10.2,1.1,0.1,4.1,1.4,26.2,2541,22.0,0.573,0.331,0.46,2.4,7.0,4.7,42.5,1.5,0.3,15.2,32.6,5.3,1.4,6.7,0.126,5.3,-2.0,3.3,3.4,11,PG,6-1,164.0,"September 19, 1998",us US,4,Oklahoma,2.649,6020364,0
Khris Middleton,37984276,SF,31,MIL,33,19,24.3,5.4,12.3,0.436,1.5,4.9,0.315,3.8,7.4,0.516,0.499,2.8,3.1,0.902,0.8,3.4,4.2,4.9,0.7,0.2,2.2,2.1,15.1,801,17.4,0.551,0.399,0.251,3.8,14.0,9.1,30.7,1.4,0.5,13.6,27.4,1.0,1.0,1.9,0.117,1.0,-0.3,0.8,0.6,22,SF,6-7,222.0,"August 12, 1991",us US,10,Texas A&M,0.922,1575179,0
Joe Wieskamp,2909261,SF,23,TOR,9,0,5.6,0.3,1.6,0.214,0.3,1.3,0.25,0.0,0.2,0.0,0.321,0.0,0.0,,0.0,0.4,0.4,0.3,0.0,0.0,0.1,0.3,1.0,50,-0.4,0.321,0.857,0.0,0.0,9.8,4.5,7.4,0.0,0.0,6.7,12.8,-0.1,0.0,-0.1,-0.076,-7.0,-3.6,-10.6,-0.1,11,SF,6-6,212.0,"August 23, 1999",us US,1,Iowa,2.246,5928040,0
Immanuel Quickley,2316240,SG,23,NYK,81,21,28.9,5.2,11.6,0.448,2.1,5.6,0.37,3.1,6.0,0.521,0.537,2.5,3.1,0.819,0.7,3.4,4.2,3.4,1.0,0.2,1.2,2.0,14.9,2344,16.3,0.578,0.485,0.265,2.7,13.1,7.9,17.4,1.7,0.6,8.7,20.9,4.4,2.3,6.7,0.137,1.3,0.4,1.7,2.1,5,SG,6-3,190.0,"June 17, 1999",us US,2,Kentucky,7.453,19216182,0
Cody Zeller,743922,C,30,MIA,15,2,14.5,2.5,3.9,0.627,0.0,0.1,0.0,2.5,3.8,0.649,0.627,1.6,2.3,0.686,1.7,2.6,4.3,0.7,0.2,0.3,0.9,2.2,6.5,217,16.4,0.659,0.034,0.593,13.0,21.8,17.3,7.2,0.7,1.9,15.8,18.1,0.4,0.3,0.7,0.147,-2.0,-0.7,-2.8,0.0,44,C,6-11,240.0,"October 5, 1992",us US,9,Indiana,1.693,6166488,0
Harrison Barnes,18352273,PF,30,SAC,82,82,32.5,4.6,9.6,0.473,1.6,4.3,0.374,3.0,5.3,0.553,0.556,4.3,5.0,0.847,1.1,3.4,4.5,1.6,0.7,0.1,1.0,1.3,15.0,2662,14.1,0.632,0.446,0.522,3.8,11.9,7.9,6.3,1.0,0.3,8.1,17.1,5.1,1.4,6.5,0.118,0.5,-1.5,-1.0,0.7,40,PF,6-8,225.0,"May 30, 1992",us US,10,UNC,1.459,2363730,0
PJ Dozier,784654,SF,26,SAC,16,0,4.9,0.6,2.1,0.303,0.1,1.0,0.125,0.5,1.1,0.471,0.333,0.0,0.0,,0.1,0.8,0.9,0.6,0.4,0.1,0.3,0.4,1.4,79,5.2,0.333,0.485,0.0,1.5,18.7,10.1,16.3,3.6,1.1,13.2,20.6,-0.3,0.1,-0.2,-0.097,-8.6,0.7,-7.8,-0.1,35,SF,6-6,205.0,"October 25, 1996",us US,5,South Carolina,1.459,2363730,0
Zach Collins,7350000,C,25,SAS,63,26,22.9,4.5,8.7,0.518,0.9,2.3,0.374,3.6,6.4,0.571,0.568,1.7,2.3,0.761,1.8,4.5,6.4,2.9,0.6,0.8,2.0,3.2,11.6,1441,16.4,0.599,0.268,0.259,8.5,22.5,15.2,18.0,1.2,2.8,17.4,21.2,1.2,1.0,2.2,0.074,-0.5,0.3,-0.2,0.6,23,C,6-11,250.0,"November 19, 1997",us US,4,Gonzaga,1.031,2550960,0
Dereon Seabron,511816,SG,22,NOP,5,0,2.4,0.4,1.0,0.4,0.0,0.0,,0.4,1.0,0.4,0.4,0.0,0.0,,0.2,0.0,0.2,0.0,0.0,0.0,0.0,0.2,0.8,12,4.6,0.4,0.0,0.0,9.5,0.0,4.7,0.0,0.0,0.0,0.0,17.9,0.0,0.0,0.0,-0.034,-6.6,-4.7,-11.3,0.0,0,SG,6-7,180.0,"May 26, 2000",us US,R,NC State,0.664,1270530,0
Charles Bassey,2674742,C,22,SAS,35,2,14.5,2.5,3.9,0.644,0.1,0.2,0.375,2.4,3.6,0.661,0.656,0.6,1.1,0.595,2.1,3.4,5.5,1.3,0.5,0.9,1.2,2.1,5.7,508,18.8,0.658,0.059,0.274,15.5,26.4,20.7,12.9,1.5,5.4,21.3,15.6,0.7,0.6,1.3,0.122,-0.7,1.3,0.6,0.3,28,C,6-10,235.0,"October 28, 2000",ng NG,1,Western Kentucky,1.031,2550960,0
Dorian Finney-Smith,12939848,PF,29,BRK,66,66,30.4,3.0,7.6,0.391,1.7,5.1,0.337,1.2,2.5,0.503,0.505,0.7,0.9,0.763,1.7,3.1,4.8,1.5,0.8,0.5,0.9,2.2,8.3,2009,9.2,0.523,0.675,0.118,6.5,11.5,9.0,6.7,1.4,1.6,10.5,13.2,0.6,1.6,2.1,0.051,-1.7,-0.3,-2.0,0.0,28,PF,6-7,220.0,"May 4, 1993",us US,6,Florida,7.453,19216182,0
Malaki Branham,2925600,SG,19,SAS,66,32,23.5,4.1,9.3,0.44,1.2,3.9,0.302,2.9,5.4,0.539,0.503,0.9,1.1,0.829,0.4,2.3,2.7,1.9,0.5,0.1,1.2,1.7,10.2,1550,9.5,0.524,0.417,0.115,1.9,11.2,6.4,11.4,1.0,0.4,10.6,19.1,-0.4,0.2,-0.1,-0.004,-3.0,-2.1,-5.2,-1.3,22,SG,6-4,180.0,"May 12, 2003",us US,R,Ohio State,1.031,2550960,0
Robert Williams,10714287,C,25,BOS,35,20,23.5,3.6,4.9,0.747,0.0,0.0,0.0,3.6,4.8,0.751,0.747,0.7,1.2,0.61,3.0,5.4,8.3,1.4,0.6,1.4,1.0,1.9,8.0,824,19.8,0.742,0.006,0.241,14.0,24.5,19.3,8.5,1.3,5.0,15.3,11.8,2.3,1.6,3.8,0.224,1.0,2.4,3.3,1.1,44,C,6-9,237.0,"October 17, 1997",us US,4,Texas A&M,2.49,4873019,0
Quentin Grimes,2277000,SG,22,NYK,71,66,29.9,4.0,8.5,0.468,2.2,5.7,0.386,1.8,2.7,0.641,0.599,1.1,1.4,0.796,0.7,2.5,3.2,2.1,0.7,0.4,1.0,2.5,11.3,2121,11.7,0.619,0.676,0.163,2.5,9.4,5.9,9.7,1.1,1.2,9.7,14.4,3.2,1.6,4.8,0.108,-0.3,0.1,-0.1,1.0,6,SG,6-5,205.0,"May 8, 2000",us US,1,"Kansas, Houston",7.453,19216182,0
Patrick Williams,7775400,PF,21,CHI,82,65,28.3,3.8,8.3,0.464,1.4,3.4,0.415,2.4,4.9,0.498,0.549,1.1,1.3,0.857,1.0,3.0,4.0,1.2,0.9,0.9,1.2,1.8,10.2,2323,11.2,0.576,0.409,0.155,3.9,12.0,8.0,5.8,1.5,2.9,12.3,15.7,0.5,3.0,3.5,0.072,-1.7,0.4,-1.3,0.4,44,PF,6-7,215.0,"August 26, 2001",us US,2,Florida State,3.472,9458539,0
LeBron James,44474988,PF,38,LAL,55,54,35.5,11.1,22.2,0.5,2.2,6.9,0.321,8.9,15.3,0.58,0.549,4.6,5.9,0.768,1.2,7.1,8.3,6.8,0.9,0.6,3.2,1.6,28.9,1954,23.9,0.583,0.309,0.268,3.7,20.8,12.5,33.5,1.2,1.4,11.6,33.3,3.2,2.4,5.6,0.138,5.5,0.6,6.1,4.0,6,PF,6-9,250.0,"December 30, 1984",us US,19,,5.735,13214799,1
Taurean Prince,7100000,PF,28,MIN,54,4,22.1,3.3,7.0,0.467,1.4,3.6,0.381,1.9,3.4,0.557,0.565,1.2,1.4,0.844,0.3,2.2,2.4,1.6,0.5,0.3,1.3,2.3,9.1,1192,10.0,0.597,0.512,0.203,1.4,10.8,6.2,9.6,1.1,1.1,14.3,17.3,0.3,1.0,1.3,0.052,-2.6,-0.6,-3.3,-0.4,12,PF,6-6,218.0,"March 22, 1994",us US,6,Baylor,1.887,3654908,0
Nicolas Batum,19700319,PF,34,LAC,78,19,21.9,2.1,4.9,0.42,1.6,4.1,0.391,0.5,0.8,0.563,0.583,0.4,0.6,0.708,0.8,3.0,3.8,1.6,0.7,0.6,0.6,1.9,6.1,1709,11.0,0.594,0.832,0.126,4.1,15.4,9.8,9.4,1.5,2.3,11.1,11.5,1.7,1.9,3.6,0.101,-0.8,1.2,0.5,1.0,33,PF,6-8,230.0,"December 14, 1988",fr FR,14,,5.735,13214799,0
Joe Harris,18642857,SF,31,BRK,74,33,20.6,2.7,5.9,0.457,1.9,4.5,0.426,0.8,1.4,0.551,0.618,0.2,0.4,0.643,0.3,1.9,2.2,1.4,0.5,0.2,0.6,1.9,7.6,1527,10.6,0.621,0.757,0.064,1.7,10.1,6.0,9.1,1.1,0.7,8.3,14.3,1.5,1.1,2.6,0.083,-0.6,-0.6,-1.1,0.3,12,SF,6-6,220.0,"September 6, 1991",us US,8,Virginia,7.453,19216182,0
Wesley Matthews,2905851,SF,36,MIL,52,0,15.8,1.1,3.1,0.363,0.8,2.4,0.315,0.4,0.7,0.528,0.484,0.5,0.5,0.857,0.7,1.5,2.2,0.7,0.4,0.3,0.3,1.4,3.4,820,7.0,0.519,0.775,0.175,4.5,9.7,7.2,5.1,1.2,1.3,9.5,9.8,0.3,0.9,1.2,0.073,-3.4,0.8,-2.7,-0.1,23,SF,6-5,220.0,"October 14, 1986",us US,13,Marquette,0.922,1575179,0
Andrew Nembhard,2244111,SG,23,IND,75,63,27.6,3.8,8.6,0.441,1.2,3.5,0.35,2.6,5.1,0.504,0.512,0.7,0.8,0.79,0.5,2.2,2.7,4.5,0.9,0.2,1.7,2.4,9.5,2073,10.0,0.528,0.408,0.096,1.9,8.8,5.3,22.4,1.6,0.5,15.8,16.1,0.4,0.8,1.2,0.029,-2.4,-0.8,-3.2,-0.6,2,SG,6-5,193.0,"January 16, 2000",ca CA,R,"Florida, Gonzaga",1.183,2074537,0
Vit Krejci,1563518,PG,22,ATL,29,0,5.7,0.5,1.3,0.405,0.2,0.7,0.238,0.3,0.6,0.625,0.473,0.0,0.1,0.5,0.2,0.7,0.9,0.6,0.2,0.0,0.2,0.6,1.2,165,7.7,0.475,0.568,0.054,3.9,13.4,8.6,12.4,1.4,0.5,11.7,10.9,0.0,0.1,0.1,0.042,-4.2,0.6,-3.6,-0.1,27,PG,6-8,195.0,"June 19, 2000",cz CZ,1,,2.649,6020364,0
Ja Morant,12119440,PG,23,MEM,61,59,31.9,9.3,19.9,0.466,1.5,4.9,0.307,7.8,15.0,0.519,0.504,6.1,8.1,0.748,1.0,4.9,5.9,8.1,1.1,0.3,3.4,1.6,26.2,1948,23.3,0.557,0.247,0.409,3.3,16.1,9.7,41.1,1.6,0.7,12.6,34.9,3.4,2.6,6.0,0.148,5.2,0.5,5.7,3.8,12,PG,6-2,174.0,"August 10, 1999",us US,3,Murray State,0.62,1346045,1
Darius Bazley,4264628,C,22,OKC,43,1,14.3,1.9,4.3,0.454,0.5,1.2,0.377,1.5,3.0,0.485,0.508,0.9,1.6,0.543,0.8,2.4,3.2,0.9,0.5,0.8,0.6,1.0,5.2,616,13.1,0.524,0.29,0.383,5.8,18.5,12.1,8.3,1.7,5.1,11.2,16.4,0.1,0.9,1.0,0.078,-2.0,1.0,-1.0,0.2,55,C,6-8,208.0,"June 12, 2000",us US,3,,0.755,1408950,0
Anthony Edwards,10733400,SG,21,MIN,79,79,36.0,8.9,19.5,0.459,2.7,7.3,0.369,6.3,12.2,0.513,0.528,4.0,5.3,0.756,0.6,5.2,5.8,4.4,1.6,0.7,3.3,2.4,24.6,2842,17.4,0.564,0.375,0.274,1.9,15.9,9.0,19.3,2.1,1.8,13.0,29.9,0.2,3.6,3.8,0.064,1.0,0.0,1.0,2.1,1,SG,6-4,225.0,"August 5, 2001",us US,2,Georgia,1.887,3654908,1
James Wiseman,9603360,C,21,GSW,45,22,19.3,4.2,7.5,0.558,0.1,0.4,0.2,4.1,7.1,0.58,0.563,1.5,2.2,0.701,1.6,4.3,5.9,0.7,0.2,0.6,1.1,2.4,10.0,867,15.6,0.589,0.059,0.286,9.2,25.2,17.0,5.5,0.4,2.7,11.8,21.2,0.7,0.7,1.4,0.077,-2.1,-1.4,-3.5,-0.3,33,C,7-0,240.0,"March 31, 2001",us US,1,Memphis,2.653,4731803,0
Bradley Beal,43279250,SG,29,WAS,50,50,33.5,8.9,17.6,0.506,1.6,4.4,0.365,7.3,13.2,0.552,0.551,3.8,4.6,0.842,0.8,3.1,3.9,5.4,0.9,0.7,2.9,2.1,23.2,1673,19.7,0.593,0.249,0.26,2.8,9.9,6.5,26.6,1.3,1.7,12.9,29.2,2.2,1.2,3.4,0.099,2.9,-1.2,1.8,1.6,3,SG,6-4,207.0,"June 28, 1993",us US,10,Florida,2.566,6280487,0
Buddy Boeheim,508891,SF,23,DET,10,0,9.0,0.5,2.7,0.185,0.4,2.5,0.16,0.1,0.2,0.5,0.259,0.2,0.2,1.0,0.2,0.4,0.6,0.4,0.2,0.0,0.0,0.6,1.6,90,0.5,0.287,0.926,0.074,2.4,5.1,3.7,5.8,1.1,0.0,0.0,13.2,-0.2,0.0,-0.2,-0.091,-7.5,-2.0,-9.5,-0.2,27,SF,6-6,205.0,"November 11, 1999",us US,R,Syracuse,1.863,4319629,0
Christian Braun,2808600,SG,21,DEN,76,6,15.5,1.9,3.8,0.495,0.4,1.3,0.354,1.4,2.5,0.565,0.554,0.5,0.8,0.625,0.6,1.8,2.4,0.8,0.5,0.2,0.5,1.3,4.7,1181,10.3,0.568,0.332,0.221,4.8,12.6,8.8,6.4,1.7,1.3,9.9,13.0,0.7,1.2,1.9,0.079,-2.5,0.1,-2.4,-0.1,0,SG,6-6,218.0,"April 17, 2001",us US,R,Kansas,1.798,2932415,0
Nathan Knight,1836090,C,25,MIN,38,0,7.7,1.2,2.1,0.568,0.2,0.6,0.364,1.0,1.6,0.644,0.617,1.0,1.5,0.684,0.6,0.9,1.5,0.3,0.3,0.2,0.6,1.1,3.7,291,14.5,0.655,0.272,0.704,8.6,12.8,10.8,6.1,1.6,1.8,16.5,18.7,0.4,0.3,0.7,0.116,-2.4,-0.8,-3.2,-0.1,13,C,6-8,253.0,"September 20, 1997",us US,2,William & Mary,1.887,3654908,0
Trevor Keels,520589,SG,19,NYK,3,0,2.7,0.3,1.3,0.25,0.3,1.3,0.25,0.0,0.0,,0.375,0.0,0.0,,0.0,0.7,0.7,0.0,0.0,0.0,0.0,0.0,1.0,8,3.7,0.375,1.0,0.0,0.0,27.6,13.7,0.0,0.0,0.0,0.0,21.4,0.0,0.0,0.0,-0.062,-7.4,-5.6,-13.0,0.0,"0, 3",SG,6-5,221.0,"August 26, 2003",us US,R,Duke,7.453,19216182,0
Lamar Stevens,1782621,SF,25,CLE,62,25,18.1,2.1,4.6,0.448,0.5,1.5,0.316,1.6,3.1,0.513,0.5,0.6,0.9,0.702,0.8,2.6,3.3,0.5,0.4,0.3,0.4,1.3,5.3,1120,9.5,0.524,0.33,0.198,5.0,16.7,10.9,4.0,1.2,1.6,7.9,13.6,0.3,1.6,1.9,0.08,-3.0,0.2,-2.8,-0.2,8,SF,6-6,230.0,"July 9, 1997",us US,2,Penn State,1.512,2048449,0
Kai Jones,2909040,C,22,CHO,46,0,12.0,1.5,2.6,0.558,0.1,0.4,0.211,1.4,2.2,0.624,0.575,0.4,0.6,0.731,0.8,1.9,2.7,0.3,0.4,0.7,0.7,1.4,3.4,550,10.8,0.597,0.158,0.217,7.0,17.0,11.9,3.7,1.5,4.7,19.1,12.4,0.0,0.7,0.7,0.062,-4.8,0.8,-4.0,-0.3,23,C,6-11,218.0,"January 19, 2001",bs BS,1,Texas,1.291,2636883,0
Zeke Nnaji,2617800,PF,22,DEN,53,5,13.7,2.1,3.7,0.561,0.3,1.2,0.262,1.8,2.5,0.71,0.605,0.8,1.2,0.645,1.2,1.4,2.6,0.3,0.3,0.4,0.6,2.0,5.2,728,12.5,0.62,0.332,0.316,10.5,11.2,10.9,3.3,1.1,2.8,12.2,15.2,0.9,0.7,1.6,0.106,-2.7,-0.9,-3.7,-0.3,22,PF,6-9,240.0,"January 9, 2001",us US,2,Arizona,1.798,2932415,0
Kevon Harris,508891,SG,25,ORL,34,0,13.4,1.4,3.1,0.439,0.5,1.3,0.372,0.9,1.9,0.484,0.514,0.9,1.2,0.756,0.8,1.2,2.1,0.5,0.5,0.1,0.6,1.6,4.1,457,9.2,0.564,0.402,0.383,6.9,10.4,8.7,4.7,1.8,1.1,14.4,13.7,0.2,0.4,0.6,0.065,-3.5,-0.1,-3.6,-0.2,7,SG,6-5,216.0,"June 24, 1997",us US,R,Stephen F. Austin,1.731,2608147,0
Anthony Lamb,694878,SF,25,GSW,62,4,19.3,2.4,5.1,0.471,1.2,3.2,0.367,1.2,1.9,0.652,0.588,0.7,1.0,0.767,0.9,2.6,3.5,1.5,0.5,0.3,0.9,2.2,6.7,1195,10.9,0.61,0.634,0.191,5.3,14.4,9.9,10.5,1.1,1.5,13.7,13.8,1.2,1.2,2.4,0.096,-1.6,0.4,-1.1,0.3,40,SF,6-6,227.0,"January 20, 1998",us US,2,University of Vermont,2.653,4731803,0
Royce O'Neale,9200000,SF,29,BRK,76,53,31.7,3.0,7.8,0.386,2.1,5.5,0.389,0.9,2.3,0.379,0.524,0.7,0.9,0.725,0.7,4.3,5.1,3.7,0.9,0.6,1.5,3.1,8.8,2409,9.2,0.538,0.707,0.116,2.6,15.0,9.0,15.3,1.3,1.7,15.5,13.6,0.4,2.5,2.9,0.057,-1.7,0.6,-1.1,0.5,0,SF,6-4,226.0,"June 5, 1993",us US,5,"Denver, Baylor",7.453,19216182,0
Lindell Wigginton,99438,PG,24,MIL,7,1,12.4,2.6,5.3,0.486,0.9,2.6,0.333,1.7,2.7,0.632,0.568,1.1,1.3,0.889,0.0,1.0,1.0,2.0,0.0,0.3,1.7,1.0,7.1,87,11.8,0.61,0.486,0.243,0.0,8.1,4.2,23.8,0.0,1.9,22.7,25.6,0.0,0.1,0.1,0.028,-3.1,-3.6,-6.7,-0.1,28,PG,6-2,189.0,"March 28, 1998",ca CA,1,Iowa State,0.922,1575179,0
Rodney McGruder,2298385,SG,31,DET,32,12,16.4,1.9,4.8,0.408,1.3,3.0,0.423,0.7,1.7,0.382,0.543,0.6,0.7,0.818,0.6,1.7,2.3,0.9,0.5,0.0,0.3,1.2,5.7,524,10.7,0.566,0.638,0.145,4.1,11.8,7.8,7.6,1.5,0.2,6.4,14.0,0.5,0.2,0.7,0.068,-0.8,-0.7,-1.5,0.1,17,SG,6-4,205.0,"July 29, 1991",us US,6,Kansas State,1.863,4319629,0
Richaun Holmes,11215260,C,29,SAC,42,1,8.3,1.3,2.1,0.618,0.1,0.2,0.625,1.2,1.9,0.617,0.646,0.4,0.5,0.789,0.7,1.2,1.9,0.2,0.1,0.3,0.3,1.2,3.1,348,12.9,0.668,0.09,0.213,9.6,16.6,13.1,3.5,0.4,2.8,12.6,13.7,0.6,0.3,0.8,0.113,-2.0,-0.9,-2.9,-0.1,22,C,6-10,235.0,"October 15, 1993",us US,7,Bowling Green,1.459,2363730,0
Shake Milton,1997718,SG,26,PHI,76,11,20.6,3.2,6.6,0.479,0.7,1.9,0.378,2.4,4.7,0.521,0.535,1.3,1.5,0.853,0.5,2.0,2.5,3.2,0.3,0.2,1.2,1.6,8.4,1567,12.7,0.575,0.294,0.231,3.0,11.3,7.2,22.3,0.8,0.8,14.5,18.5,1.6,1.2,2.9,0.087,-1.0,-0.9,-2.0,0.0,18,SG,6-5,205.0,"September 26, 1996",us US,4,SMU,2.997,6102434,0
JT Thor,1563518,PF,20,CHO,69,8,14.0,1.4,3.4,0.399,0.6,1.8,0.317,0.8,1.7,0.487,0.481,0.5,0.7,0.702,0.5,1.7,2.2,0.5,0.3,0.3,0.6,1.0,3.8,969,7.0,0.506,0.517,0.197,3.9,13.0,8.4,4.9,1.1,2.1,14.5,13.1,-0.6,0.8,0.2,0.009,-4.3,-0.4,-4.7,-0.7,21,PF,6-10,205.0,"August 26, 2002",us US,1,Auburn,1.291,2636883,0
Drew Eubanks,1968175,C,25,POR,78,28,20.3,2.7,4.3,0.641,0.1,0.2,0.389,2.7,4.1,0.655,0.651,1.1,1.6,0.664,1.7,3.7,5.4,1.3,0.5,1.3,0.9,2.2,6.6,1584,16.2,0.666,0.054,0.374,9.5,20.9,15.2,9.2,1.2,5.7,14.7,12.5,2.9,1.6,4.4,0.134,-0.9,0.9,0.1,0.8,24,C,6-9,245.0,"February 1, 1997",us US,4,Oregon State,1.315,2492412,0
Bennedict Mathurin,6586800,SG,20,IND,78,17,28.5,5.3,12.2,0.434,1.3,4.0,0.323,4.0,8.2,0.488,0.487,4.8,5.8,0.828,1.1,3.0,4.1,1.5,0.6,0.2,1.9,2.1,16.7,2222,13.1,0.566,0.326,0.477,4.4,11.5,7.9,7.6,1.0,0.5,11.7,24.6,1.0,0.8,1.8,0.038,-1.2,-2.5,-3.7,-1.0,0,SG,6-6,210.0,"June 19, 2002",ca CA,R,Arizona,1.183,2074537,0
OG Anunoby,17357143,SF,25,TOR,67,67,35.6,6.3,13.2,0.476,2.1,5.5,0.387,4.2,7.7,0.539,0.556,2.1,2.5,0.838,1.4,3.5,5.0,2.0,1.9,0.7,2.0,3.0,16.8,2386,14.6,0.586,0.415,0.189,4.2,12.1,7.9,8.0,2.7,2.0,12.1,19.5,1.8,2.9,4.7,0.094,-0.3,0.7,0.4,1.5,3,SF,6-7,232.0,"July 17, 1997",gb GB,5,Indiana,2.246,5928040,0
Isaiah Hartenstein,8854879,C,24,NYK,82,8,19.8,2.1,4.0,0.535,0.1,0.5,0.216,2.0,3.5,0.576,0.547,0.6,0.9,0.676,2.5,4.0,6.5,1.2,0.6,0.8,0.8,2.6,5.0,1626,14.2,0.567,0.113,0.217,14.1,22.2,18.1,8.3,1.6,3.7,15.6,11.2,2.2,2.4,4.6,0.136,-1.5,1.2,-0.3,0.7,55,C,7-0,255.0,"May 5, 1998",us US,4,,7.453,19216182,0
Stanley Umude,58493,SG,23,DET,1,0,2.0,0.0,1.0,0.0,0.0,1.0,0.0,0.0,0.0,,0.0,2.0,2.0,1.0,0.0,0.0,0.0,0.0,1.0,1.0,0.0,0.0,2.0,2,65.6,0.532,1.0,2.0,0.0,0.0,0.0,0.0,24.2,44.1,0.0,40.0,0.0,0.0,0.0,0.626,15.9,32.7,48.6,0.0,14,SG,6-6,210.0,"April 12, 1999",us US,R,"South Dakota, Arkansas",1.863,4319629,0
Leandro Bolmaro,1709300,SF,22,UTA,14,0,4.9,0.2,1.4,0.15,0.0,0.3,0.0,0.2,1.1,0.188,0.15,0.0,0.0,,0.3,0.2,0.5,0.5,0.2,0.1,0.5,0.7,0.4,68,-5.0,0.15,0.2,0.0,6.5,4.7,5.6,12.3,2.1,1.2,25.9,16.6,-0.4,0.0,-0.3,-0.231,-12.4,-2.3,-14.7,-0.2,10,SF,6-6,200.0,"September 11, 2000",ar AR,1,,1.1,1232696,0
Jay Huff,116986,C,24,WAS,7,0,13.6,2.1,3.6,0.6,0.9,1.7,0.5,1.3,1.9,0.692,0.72,2.1,2.3,0.938,0.9,2.1,3.0,1.4,0.4,0.6,0.7,2.1,7.3,95,22.3,0.796,0.48,0.64,7.3,16.9,12.3,14.7,1.5,3.6,13.5,16.9,0.4,0.1,0.5,0.261,2.8,1.2,4.0,0.1,34,C,7-1,240.0,"August 25, 1998",us US,1,Virginia,2.566,6280487,0
Caris LeVert,18796296,SG,28,CLE,74,30,30.2,4.3,10.0,0.431,1.7,4.4,0.392,2.6,5.6,0.462,0.517,1.8,2.4,0.722,0.7,3.1,3.8,3.9,1.0,0.3,1.6,2.3,12.1,2237,12.4,0.546,0.437,0.243,2.8,12.1,7.4,18.0,1.6,1.0,12.4,18.7,1.4,3.1,4.4,0.095,-1.0,0.8,-0.2,1.0,3,SG,6-6,205.0,"August 25, 1994",us US,6,Michigan,1.512,2048449,0
Neemias Queta,508891,C,23,SAC,5,0,5.8,1.2,1.8,0.667,0.0,0.0,,1.2,1.8,0.667,0.667,0.0,0.4,0.0,1.0,1.2,2.2,0.2,0.0,0.4,0.2,1.4,2.4,29,17.0,0.607,0.0,0.222,19.8,23.5,21.7,5.0,0.0,6.0,9.2,16.1,0.1,0.0,0.1,0.149,-2.6,-0.8,-3.4,0.0,88,C,7-0,245.0,"July 13, 1999",pt PT,1,Utah State University,1.459,2363730,0
Gary Harris,13000000,SG,28,ORL,48,42,24.7,2.9,6.4,0.45,2.0,4.5,0.431,0.9,1.9,0.494,0.603,0.6,0.6,0.9,0.4,1.6,2.0,1.2,0.9,0.3,0.6,1.9,8.3,1184,10.5,0.62,0.71,0.098,2.0,7.4,4.7,6.9,1.8,1.0,8.0,12.6,1.3,1.1,2.3,0.095,-1.4,0.7,-0.7,0.4,14,SG,6-4,210.0,"September 14, 1994",us US,8,Michigan State,1.731,2608147,0
Dalano Banton,1563518,PG,23,TOR,31,2,9.0,1.8,4.2,0.423,0.5,1.6,0.294,1.3,2.5,0.506,0.481,0.5,0.8,0.708,0.4,1.1,1.5,1.2,0.4,0.4,0.6,1.1,4.6,279,14.9,0.505,0.392,0.185,4.2,14.9,9.1,19.3,2.3,4.5,11.4,24.2,0.0,0.4,0.4,0.064,-1.1,0.6,-0.5,0.1,45,PG,6-9,204.0,"November 7, 1999",ca CA,1,Nebraska,2.246,5928040,0
Keegan Murray,8008440,SF,22,SAC,80,78,29.8,4.4,9.8,0.453,2.6,6.3,0.411,1.9,3.5,0.527,0.584,0.8,1.0,0.765,1.1,3.5,4.6,1.2,0.8,0.5,0.8,2.0,12.2,2382,12.3,0.597,0.641,0.104,4.3,13.4,8.9,5.5,1.2,1.5,6.8,15.8,2.6,1.7,4.3,0.087,0.4,-1.0,-0.6,0.8,13,SF,6-8,215.0,"August 19, 2000",us US,R,Iowa,1.459,2363730,0
Braxton Key,201802,SF,25,DET,3,0,3.0,0.3,0.3,1.0,0.0,0.0,,0.3,0.3,1.0,1.0,0.7,0.7,1.0,0.0,0.3,0.3,0.0,0.0,0.0,0.0,0.0,1.3,9,18.6,1.064,0.0,2.0,0.0,12.7,6.2,0.0,0.0,0.0,0.0,8.9,0.0,0.0,0.0,0.242,2.1,0.8,2.9,0.0,8,SF,6-8,230.0,"February 14, 1997",us US,1,"Alabama, Virginia",1.863,4319629,0
Blake Wesley,2385480,SG,19,SAS,37,1,18.1,1.9,5.8,0.321,0.5,1.4,0.385,1.3,4.4,0.301,0.367,0.7,1.2,0.591,0.3,1.9,2.2,2.7,0.7,0.1,1.8,1.8,5.0,669,3.5,0.393,0.242,0.205,1.7,11.9,6.6,18.8,1.8,0.6,21.7,18.5,-1.9,0.3,-1.6,-0.114,-7.9,-1.8,-9.6,-1.3,14,SG,6-5,185.0,"March 16, 2003",us US,R,Notre Dame,1.031,2550960,0
Coby White,7413955,SG,22,CHI,74,2,23.4,3.6,8.0,0.443,1.7,4.6,0.372,1.8,3.4,0.54,0.551,0.8,0.9,0.871,0.2,2.6,2.9,2.8,0.7,0.1,1.0,1.6,9.7,1730,12.5,0.572,0.579,0.118,1.1,12.6,6.9,16.3,1.5,0.3,10.6,17.9,1.2,1.9,3.1,0.087,-1.0,0.2,-0.8,0.5,0,SG,6-5,195.0,"February 16, 2000",us US,3,UNC,3.472,9458539,0
Juan Toscano-Anderson,2133278,SF,29,LAL,52,9,13.5,1.2,2.8,0.448,0.2,0.8,0.186,1.1,1.9,0.56,0.476,0.4,0.5,0.792,0.5,1.8,2.4,1.3,0.3,0.2,0.7,1.5,3.0,700,7.2,0.505,0.301,0.168,4.4,14.4,9.5,11.8,1.1,1.2,18.1,11.3,-0.1,0.6,0.5,0.038,-4.6,0.8,-3.8,-0.3,95,SF,6-6,209.0,"April 10, 1993",us US,3,Marquette,5.735,13214799,0
DeAndre Jordan,10733758,C,34,DEN,39,8,15.0,2.3,2.9,0.765,0.0,0.0,1.0,2.2,2.9,0.763,0.77,0.6,1.2,0.458,1.3,3.8,5.2,0.9,0.3,0.6,1.2,1.8,5.1,586,14.7,0.731,0.009,0.417,10.5,28.6,19.8,7.7,1.0,3.5,26.1,13.7,0.5,0.9,1.4,0.112,-2.4,0.7,-1.8,0.0,6,C,6-11,265.0,"July 21, 1988",us US,14,Texas A&M,1.798,2932415,0
Dalen Terry,3191400,SG,20,CHI,38,0,5.6,0.8,1.9,0.444,0.2,0.7,0.259,0.7,1.2,0.556,0.493,0.4,0.6,0.667,0.3,0.7,1.0,0.6,0.3,0.1,0.2,0.6,2.2,214,14.1,0.523,0.375,0.292,6.5,13.0,9.8,14.1,2.5,2.3,9.0,18.4,0.1,0.3,0.5,0.105,-1.7,1.7,0.0,0.1,25,SG,6-7,195.0,"July 12, 2002",us US,R,Arizona,3.472,9458539,0
James Harden,33000000,PG,33,PHI,58,58,36.8,6.4,14.5,0.441,2.8,7.2,0.385,3.6,7.3,0.495,0.536,5.4,6.2,0.867,0.7,5.4,6.1,10.7,1.2,0.5,3.4,1.9,21.0,2135,21.6,0.607,0.496,0.429,2.3,17.1,9.8,43.3,1.6,1.4,16.3,25.0,5.8,2.6,8.4,0.188,5.1,0.3,5.4,4.0,1,PG,6-5,220.0,"August 26, 1989",us US,13,Arizona State,2.997,6102434,0
Jalen Smith,4670160,C,22,IND,68,31,18.8,3.6,7.5,0.476,0.8,2.8,0.283,2.8,4.7,0.593,0.53,1.5,2.0,0.759,1.9,3.9,5.8,1.0,0.3,0.9,1.1,2.3,9.4,1279,15.9,0.565,0.376,0.27,11.2,22.9,17.1,7.6,0.8,4.0,11.2,21.0,1.1,1.1,2.3,0.085,-0.9,-1.1,-2.1,0.0,25,C,6-10,215.0,"March 16, 2000",us US,2,Maryland,1.183,2074537,0
Kevin Knox,3000000,SF-PF,23,DET,63,5,15.1,2.4,5.3,0.458,1.0,3.0,0.349,1.4,2.3,0.596,0.556,0.7,1.0,0.767,0.5,2.3,2.8,0.5,0.4,0.2,0.8,1.5,6.6,952,11.1,0.579,0.56,0.181,3.9,17.3,10.5,5.2,1.2,1.1,12.2,18.4,0.2,0.5,0.7,0.034,-2.1,-1.4,-3.5,-0.4,20,SF,6-7,215.0,"August 11, 1999",us US,4,Kentucky,1.863,4319629,0
Johnny Juzang,508891,SG,21,UTA,18,0,12.9,1.9,5.8,0.337,0.8,3.5,0.238,1.1,2.3,0.488,0.409,0.1,0.2,0.5,0.4,1.7,2.2,0.4,0.2,0.2,0.2,0.7,4.8,232,6.5,0.411,0.606,0.038,3.8,14.3,9.1,4.7,0.8,1.1,2.8,19.6,-0.3,0.1,-0.2,-0.032,-4.3,-2.2,-6.5,-0.3,33,SG,6-7,215.0,"March 17, 2001",us US,R,"Kentucky, UCLA",1.1,1232696,0
Tyrese Martin,1017781,SG,23,ATL,16,0,4.1,0.6,1.4,0.391,0.1,0.4,0.143,0.5,1.0,0.5,0.413,0.1,0.1,1.0,0.3,0.4,0.8,0.1,0.1,0.0,0.1,0.1,1.3,66,7.7,0.44,0.304,0.087,8.2,11.7,10.0,3.9,0.7,0.0,7.7,16.5,0.0,0.0,0.0,-0.01,-4.2,-3.1,-7.4,-0.1,22,SG,6-6,215.0,"March 7, 1999",us US,R,"Rhode Island, UConn",2.649,6020364,0
Paolo Banchero,11055120,PF,20,ORL,72,72,33.8,6.7,15.6,0.427,1.2,4.0,0.298,5.5,11.6,0.471,0.465,5.5,7.4,0.738,1.2,5.7,6.9,3.7,0.8,0.5,2.8,2.2,20.0,2430,14.9,0.529,0.254,0.476,3.9,19.3,11.6,17.2,1.2,1.5,12.8,27.5,-0.3,2.6,2.4,0.047,-0.7,-0.7,-1.5,0.3,5,PF,6-10,250.0,"November 12, 2002",us US,R,Duke,1.731,2608147,0
JD Davison,508891,SG,20,BOS,12,0,5.5,0.7,1.6,0.421,0.2,0.6,0.286,0.5,1.0,0.5,0.474,0.1,0.2,0.5,0.2,0.6,0.8,0.9,0.2,0.2,0.3,0.4,1.6,66,10.1,0.478,0.368,0.105,3.4,11.4,7.4,22.4,1.5,2.6,16.8,15.8,0.0,0.1,0.1,0.059,-4.5,0.4,-4.2,0.0,20,SG,6-1,195.0,"October 3, 2002",us US,R,Alabama,2.49,4873019,0
James Bouknight,4362240,SG,22,CHO,34,0,15.1,2.0,5.7,0.358,1.0,3.2,0.303,1.1,2.5,0.429,0.443,0.6,0.9,0.667,0.2,1.9,2.1,1.2,0.4,0.1,0.9,1.4,5.6,515,6.2,0.463,0.565,0.155,1.6,13.5,7.5,11.1,1.3,0.8,13.4,19.5,-0.8,0.4,-0.4,-0.04,-5.4,-1.1,-6.5,-0.6,2,SG,6-5,190.0,"September 18, 2000",us US,1,UConn,1.291,2636883,0
Darius Garland,8920794,PG,23,CLE,69,69,35.5,7.6,16.4,0.462,2.4,6.0,0.41,5.1,10.4,0.492,0.537,4.0,4.7,0.863,0.4,2.3,2.7,7.8,1.2,0.1,2.9,2.1,21.6,2447,18.8,0.587,0.365,0.284,1.3,7.6,4.5,34.1,1.7,0.3,13.5,26.9,4.5,3.0,7.6,0.148,3.2,-0.7,2.4,2.7,10,PG,6-1,192.0,"January 26, 2000",us US,3,Vanderbilt,1.512,2048449,0
Derrick White,17142857,SG,28,BOS,82,70,28.3,4.3,9.2,0.462,1.8,4.8,0.381,2.5,4.5,0.548,0.56,2.0,2.3,0.875,0.6,2.9,3.6,3.9,0.7,0.9,1.2,2.2,12.4,2319,15.4,0.604,0.516,0.253,2.5,11.2,6.9,19.4,1.1,2.8,10.1,17.7,4.4,3.1,7.4,0.154,1.1,1.3,2.4,2.6,9,SG,6-4,190.0,"July 2, 1994",us US,5,"Colorado-Colorado Springs, Colorado",2.49,4873019,0
Ryan Rollins,1017781,PG,20,GSW,12,0,5.2,0.6,1.7,0.35,0.3,0.8,0.333,0.3,0.9,0.364,0.425,0.5,0.5,1.0,0.3,0.8,1.0,0.5,0.1,0.1,1.3,0.8,1.9,62,-1.4,0.508,0.45,0.3,5.4,15.7,10.6,12.4,0.8,1.4,41.4,26.1,-0.3,0.1,-0.3,-0.218,-11.3,-3.7,-15.0,-0.2,2,PG,6-4,180.0,"July 3, 2002",us US,R,Toledo,2.653,4731803,0
Bobby Portis,10843350,PF,27,MIL,70,22,26.0,5.7,11.5,0.496,1.4,3.7,0.37,4.3,7.8,0.555,0.555,1.4,1.8,0.768,2.2,7.4,9.6,1.5,0.4,0.2,1.2,1.6,14.1,1818,17.8,0.575,0.32,0.156,9.2,28.6,19.3,8.7,0.8,0.7,8.6,21.7,2.5,2.8,5.3,0.139,1.2,-0.6,0.7,1.2,9,PF,6-10,250.0,"February 10, 1995",us US,7,Arkansas,0.922,1575179,0
Jamaree Bouyea,116986,PG,23,MIA,5,0,14.2,1.2,2.8,0.429,0.4,1.2,0.333,0.8,1.6,0.5,0.5,0.2,0.4,0.5,0.2,1.0,1.2,0.8,0.8,0.4,0.8,1.2,3.0,71,6.5,0.504,0.429,0.143,1.6,8.4,4.9,7.8,2.8,2.9,21.2,11.8,-0.1,0.1,0.0,0.013,-5.8,1.6,-4.2,0.0,11,PG,6-2,180.0,"June 27, 1999",us US,R,San Francisco,1.693,6166488,0
Steven Adams,17926829,C,29,MEM,42,42,27.0,3.7,6.3,0.597,0.0,0.0,0.0,3.7,6.2,0.599,0.597,1.1,3.1,0.364,5.1,6.5,11.5,2.3,0.9,1.1,1.9,2.3,8.6,1133,17.5,0.564,0.004,0.49,20.1,25.3,22.7,11.2,1.5,3.7,19.8,14.6,1.3,2.1,3.4,0.144,-0.3,0.9,0.6,0.7,4,C,6-11,265.0,"July 20, 1993",nz NZ,9,Pitt,0.62,1346045,0
Jayson Tatum,30351780,SF,24,BOS,74,74,36.9,9.8,21.1,0.466,3.2,9.3,0.35,6.6,11.8,0.558,0.543,7.2,8.4,0.854,1.1,7.7,8.8,4.6,1.1,0.7,2.9,2.2,30.1,2732,23.7,0.607,0.44,0.399,3.2,22.5,13.0,20.9,1.4,1.6,10.4,32.7,6.2,4.3,10.5,0.185,4.8,0.7,5.5,5.1,0,SF,6-8,210.0,"March 3, 1998",us US,5,Duke,2.49,4873019,1
Aaron Holiday,1968175,PG,26,ATL,63,6,13.4,1.5,3.5,0.418,0.6,1.4,0.409,0.9,2.1,0.424,0.5,0.4,0.5,0.844,0.4,0.8,1.2,1.4,0.6,0.2,0.6,1.3,3.9,845,9.4,0.528,0.4,0.145,3.2,6.4,4.8,13.0,2.1,1.2,13.3,13.4,0.3,0.6,0.9,0.053,-2.9,0.9,-2.0,0.0,3,PG,6-0,185.0,"September 30, 1996",us US,4,UCLA,2.649,6020364,0
Simone Fontecchio,3205128,SF,27,UTA,52,6,14.7,2.2,6.0,0.369,1.2,3.7,0.33,1.0,2.3,0.43,0.47,0.7,0.8,0.795,0.6,1.1,1.7,0.8,0.3,0.2,0.8,1.2,6.3,766,8.0,0.495,0.612,0.141,4.4,7.7,6.1,7.5,0.9,0.9,10.5,20.2,-0.4,0.3,-0.1,-0.004,-3.0,-2.1,-5.2,-0.6,16,SF,6-8,209.0,"December 9, 1995",it IT,R,,1.1,1232696,0
Taj Gibson,2905851,C,37,WAS,49,2,9.8,1.3,2.6,0.52,0.2,0.5,0.333,1.2,2.1,0.564,0.552,0.6,0.9,0.714,0.7,1.2,1.9,0.7,0.3,0.2,0.5,1.7,3.4,480,11.4,0.585,0.192,0.336,7.7,13.6,10.8,9.6,1.5,2.1,15.3,15.3,0.4,0.5,0.8,0.082,-3.6,0.5,-3.2,-0.1,67,C,6-9,232.0,"June 24, 1985",us US,13,USC,2.566,6280487,0
Jabari Walker,1017781,SF,20,POR,56,0,11.1,1.5,3.5,0.419,0.3,1.0,0.286,1.2,2.5,0.472,0.46,0.6,0.8,0.756,0.9,1.5,2.3,0.6,0.2,0.2,0.5,1.2,3.9,619,9.6,0.496,0.283,0.227,8.8,15.5,12.2,7.8,0.8,1.9,11.8,17.3,-0.1,0.3,0.2,0.015,-3.9,-2.1,-6.1,-0.6,34,SF,6-9,215.0,"July 30, 2002",us US,R,Colorado,1.315,2492412,0
Chimezie Metu,1910860,PF,25,SAC,66,0,10.4,2.0,3.3,0.589,0.1,0.6,0.237,1.8,2.7,0.663,0.61,0.8,1.1,0.74,0.7,2.3,3.0,0.6,0.3,0.3,0.5,1.2,4.9,689,17.3,0.639,0.174,0.333,7.8,24.9,16.4,8.1,1.5,2.7,11.3,17.6,1.2,0.8,2.1,0.143,-0.3,0.2,-0.1,0.3,7,PF,6-9,225.0,"March 22, 1997",us US,4,USC,1.459,2363730,0
Zion Williamson,13534817,PF,22,NOP,29,29,33.0,9.8,16.2,0.608,0.2,0.7,0.368,9.6,15.5,0.618,0.615,6.1,8.6,0.714,2.0,5.0,7.0,4.6,1.1,0.6,3.4,2.2,26.0,956,25.2,0.652,0.041,0.529,6.9,17.0,12.0,24.4,1.6,1.6,14.6,30.4,2.3,1.2,3.6,0.18,4.8,1.0,5.8,1.9,1,PF,6-6,284.0,"July 6, 2000",us US,2,Duke,0.664,1270530,1
Landry Shamet,9500000,SG,25,PHO,40,9,20.2,2.8,7.5,0.377,1.9,5.0,0.377,1.0,2.5,0.376,0.502,1.1,1.3,0.882,0.3,1.4,1.7,2.3,0.7,0.1,0.9,1.5,8.7,807,10.9,0.537,0.663,0.17,1.5,7.9,4.6,15.7,1.6,0.6,10.0,18.9,0.5,0.7,1.2,0.071,-1.1,-0.3,-1.4,0.1,14,SG,6-4,190.0,"March 13, 1997",us US,4,Wichita State,2.158,4948203,0
Ricky Rubio,5853659,PG,32,CLE,33,2,17.2,1.8,5.4,0.343,0.6,2.5,0.256,1.2,2.9,0.417,0.402,0.8,1.1,0.8,0.3,1.8,2.1,3.5,0.8,0.2,0.9,1.5,5.2,566,10.4,0.442,0.461,0.197,1.9,12.7,7.3,27.1,2.3,1.0,13.8,17.7,-0.2,0.9,0.7,0.062,-3.8,1.1,-2.8,-0.1,13,PG,6-2,190.0,"October 21, 1990",es ES,11,,1.512,2048449,0
CJ McCollum,33333333,SG,31,NOP,75,75,35.3,7.8,17.9,0.437,2.8,7.2,0.389,5.0,10.7,0.469,0.515,2.4,3.2,0.769,0.7,3.6,4.4,5.7,0.9,0.5,2.4,2.0,20.9,2649,15.6,0.541,0.404,0.177,2.4,11.7,7.0,25.1,1.3,1.4,11.2,26.4,1.5,2.8,4.3,0.078,1.5,-0.7,0.8,1.9,3,PG,6-3,190.0,"September 19, 1991",us US,9,Lehigh,0.664,1270530,0
Tony Bradley,2036318,C,25,CHI,12,0,2.8,0.5,1.0,0.5,0.3,0.4,0.6,0.3,0.6,0.429,0.625,0.3,0.3,1.0,0.1,0.8,0.9,0.1,0.1,0.1,0.1,0.2,1.6,33,21.7,0.69,0.417,0.333,3.5,33.8,18.9,4.4,1.5,2.9,6.8,19.8,0.1,0.1,0.2,0.22,4.4,0.5,4.9,0.1,13,C,6-10,248.0,"January 8, 1998",us US,5,UNC,3.472,9458539,0
Christian Wood,14317459,C,27,DAL,67,17,25.9,5.9,11.5,0.515,1.6,4.2,0.376,4.3,7.3,0.594,0.583,3.2,4.2,0.772,1.3,6.0,7.3,1.8,0.4,1.1,1.8,2.5,16.6,1738,20.6,0.624,0.363,0.365,5.8,27.4,16.4,11.7,0.9,3.7,11.9,26.4,2.7,2.1,4.8,0.132,1.9,-0.3,1.7,1.6,35,C,6-8,214.0,"September 27, 1995",us US,6,UNLV,2.963,7573136,0
Romeo Langford,5634257,SG,23,SAS,43,21,19.6,2.8,6.0,0.467,0.4,1.4,0.262,2.4,4.6,0.53,0.498,0.9,1.3,0.696,1.3,1.3,2.7,1.2,0.6,0.3,0.7,1.6,6.9,844,10.4,0.524,0.236,0.216,7.1,7.7,7.4,7.9,1.3,1.3,9.6,15.4,0.3,0.2,0.5,0.029,-2.6,-1.5,-4.2,-0.5,35,SG,6-5,216.0,"October 25, 1999",us US,3,Indiana,1.031,2550960,0
Moritz Wagner,1878720,C,25,ORL,57,18,19.5,3.5,6.9,0.5,0.9,2.9,0.313,2.6,4.1,0.631,0.564,2.7,3.2,0.841,1.2,3.3,4.5,1.5,0.6,0.2,1.2,2.4,10.5,1109,17.4,0.63,0.412,0.46,7.0,19.4,13.2,11.5,1.6,1.1,12.5,21.1,2.1,1.3,3.4,0.149,0.4,0.2,0.6,0.7,21,C,6-11,245.0,"April 26, 1997",de DE,4,Michigan,1.731,2608147,0
Ochai Agbaji,3918360,SG,22,UTA,59,22,20.5,2.8,6.5,0.427,1.4,3.9,0.355,1.4,2.7,0.532,0.532,0.9,1.2,0.812,0.7,1.3,2.1,1.1,0.3,0.3,0.7,1.7,7.9,1209,9.5,0.561,0.591,0.179,3.9,6.9,5.4,7.5,0.6,1.0,9.0,15.8,0.9,0.4,1.3,0.053,-1.7,-1.4,-3.0,-0.3,30,SG,6-5,215.0,"April 20, 2000",us US,R,Kansas,1.1,1232696,0
Ziaire Williams,4591680,SF,21,MEM,37,4,15.2,2.3,5.3,0.429,0.7,2.6,0.258,1.6,2.7,0.596,0.492,0.5,0.6,0.773,0.4,1.7,2.1,0.9,0.4,0.2,1.0,1.6,5.7,561,7.4,0.511,0.495,0.112,3.0,11.9,7.5,8.2,1.2,1.0,15.2,18.0,-0.5,0.6,0.1,0.011,-4.7,-0.8,-5.6,-0.5,8,SF,6-9,215.0,"September 12, 2001",us US,1,Stanford,0.62,1346045,0
John Butler,503041,C,20,POR,19,1,11.6,0.9,2.8,0.321,0.4,1.8,0.229,0.5,0.9,0.5,0.396,0.2,0.2,0.75,0.2,0.7,0.9,0.6,0.4,0.5,0.1,1.2,2.4,221,5.7,0.411,0.66,0.075,1.5,7.3,4.4,6.5,1.5,3.6,1.8,11.0,-0.1,0.1,0.0,0.001,-5.4,-0.8,-6.2,-0.2,21,C,7-0,175.0,"December 4, 2002",us US,R,Florida State,1.315,2492412,0
Nerlens Noel,9391069,C,28,BRK,17,4,11.5,0.8,2.1,0.361,0.1,0.1,0.5,0.7,2.0,0.353,0.375,0.5,0.7,0.667,0.6,2.1,2.7,0.6,0.9,0.6,0.8,1.9,2.1,195,7.9,0.424,0.056,0.333,5.6,21.0,13.1,6.7,4.0,4.5,23.9,12.0,-0.3,0.3,0.0,0.007,-6.5,2.6,-3.8,-0.1,0,C,6-10,220.0,"April 10, 1994",us US,8,Kentucky,7.453,19216182,0
Tari Eason,3359160,PF,21,HOU,82,5,21.5,3.6,8.0,0.448,0.7,2.1,0.343,2.9,6.0,0.486,0.493,1.3,1.8,0.752,2.4,3.7,6.0,1.1,1.2,0.6,1.2,2.3,9.3,1767,15.2,0.525,0.261,0.22,12.0,18.9,15.4,7.4,2.6,2.6,12.2,19.3,0.9,1.7,2.6,0.07,-1.3,-0.4,-1.7,0.1,17,PF,6-8,216.0,"May 10, 2001",us US,R,"Cincinnati, LSU",2.57,7066141,0
George Hill,4000000,PG-SG,36,MIL,46,1,18.1,1.7,3.6,0.47,0.7,2.1,0.358,1.0,1.5,0.62,0.572,0.9,1.2,0.764,0.3,1.5,1.8,2.4,0.6,0.1,0.7,1.2,5.0,834,10.6,0.61,0.572,0.331,2.0,8.6,5.4,16.7,1.5,0.6,15.2,11.3,1.1,0.8,1.9,0.107,-2.4,0.9,-1.5,0.1,3,PG,6-4,188.0,"May 4, 1986",us US,14,IUPUI,0.922,1575179,0
Luguentz Dort,15277778,SF,23,OKC,74,73,30.7,4.6,11.8,0.388,1.8,5.5,0.33,2.8,6.3,0.44,0.466,2.7,3.5,0.772,1.7,2.9,4.6,2.1,1.0,0.3,1.2,3.3,13.7,2272,11.3,0.513,0.468,0.297,5.9,10.4,8.1,9.2,1.6,0.9,8.5,19.8,0.9,2.1,2.9,0.062,-2.0,-1.0,-3.0,-0.6,5,SF,6-4,220.0,"April 19, 1999",ca CA,3,Arizona State,0.755,1408950,0
Collin Sexton,16700000,PG,24,UTA,48,15,23.9,4.9,9.8,0.506,1.0,2.5,0.393,3.9,7.2,0.546,0.558,3.4,4.1,0.819,0.8,1.4,2.2,2.9,0.6,0.1,1.8,2.3,14.3,1145,15.9,0.616,0.261,0.425,3.5,6.3,5.0,17.9,1.1,0.4,13.3,23.4,2.0,0.5,2.5,0.105,0.1,-1.5,-1.3,0.2,2,PG,6-3,190.0,"January 4, 1999",us US,4,Alabama,1.1,1232696,0
Kennedy Chandler,1200000,PG,20,MEM,36,0,7.8,1.0,2.3,0.422,0.1,0.4,0.133,0.9,1.9,0.485,0.434,0.2,0.4,0.462,0.3,0.8,1.1,1.6,0.3,0.1,0.5,0.4,2.2,281,10.6,0.44,0.181,0.157,3.4,10.9,7.2,26.4,2.0,1.6,16.9,15.8,-0.1,0.4,0.3,0.044,-3.3,0.6,-2.7,0.0,1,PG,6-0,171.0,"September 16, 2002",us US,R,Tennessee,0.62,1346045,0
Louis King,307089,PF,23,PHI,1,0,29.0,8.0,13.0,0.615,4.0,8.0,0.5,4.0,5.0,0.8,0.769,0.0,1.0,0.0,2.0,2.0,4.0,2.0,1.0,0.0,2.0,4.0,20.0,29,21.3,0.744,0.615,0.077,8.3,8.0,8.1,12.2,1.7,0.0,13.0,23.8,0.1,0.0,0.1,0.157,3.3,-1.0,2.3,0.0,23,PF,6-7,205.0,"April 6, 1999",us US,3,Oregon,2.997,6102434,0
Jason Preston,1563518,PG,23,LAC,14,0,8.9,1.3,2.9,0.439,0.4,1.3,0.278,0.9,1.6,0.565,0.5,0.0,0.1,0.0,0.1,1.4,1.6,1.9,0.1,0.0,0.7,0.5,2.9,124,10.3,0.489,0.439,0.049,1.8,17.9,9.9,30.9,0.8,0.0,19.3,18.3,0.0,0.1,0.1,0.021,-2.1,-0.5,-2.6,0.0,"0, 1",PG,6-4,187.0,"August 10, 1999",us US,R,Ohio University,5.735,13214799,0
Cameron Payne,6000000,PG,28,PHO,48,15,20.2,3.9,9.4,0.415,1.4,3.9,0.368,2.5,5.6,0.448,0.49,1.0,1.3,0.766,0.3,2.0,2.2,4.5,0.7,0.2,1.7,1.8,10.3,968,13.2,0.512,0.408,0.141,1.3,11.0,6.1,32.6,1.7,0.7,14.4,24.8,0.0,1.0,1.1,0.053,-0.5,-0.7,-1.2,0.2,15,PG,6-3,183.0,"August 8, 1994",us US,7,Murray State,2.158,4948203,0
Mason Plumlee,9080417,C,32,LAC,79,60,26.0,4.2,6.1,0.68,0.0,0.0,,4.2,6.1,0.68,0.68,2.5,4.0,0.636,2.9,6.0,8.9,3.1,0.6,0.6,1.5,2.7,10.8,2054,19.6,0.689,0.0,0.647,11.8,25.1,18.4,17.3,1.1,2.0,15.8,15.2,5.5,2.4,7.9,0.185,1.2,1.0,2.2,2.2,44,C,6-10,254.0,"March 5, 1990",us US,9,Duke,5.735,13214799,0
Draymond Green,25806468,PF,32,GSW,73,73,31.5,3.4,6.5,0.527,0.5,1.8,0.305,2.9,4.7,0.612,0.57,1.1,1.5,0.713,0.9,6.3,7.2,6.8,1.0,0.8,2.8,3.1,8.5,2297,12.2,0.592,0.276,0.228,3.2,21.6,12.6,27.8,1.5,2.3,28.1,13.2,1.6,3.1,4.7,0.098,-1.8,2.6,0.8,1.6,23,PF,6-6,230.0,"March 4, 1990",us US,10,Michigan State,2.653,4731803,0
RJ Barrett,10900634,SG,22,NYK,73,73,33.9,7.0,16.1,0.434,1.7,5.3,0.31,5.3,10.8,0.495,0.485,4.0,5.4,0.74,0.8,4.2,5.0,2.8,0.4,0.2,2.2,2.5,19.6,2475,12.9,0.531,0.332,0.333,2.7,13.7,8.2,12.4,0.6,0.6,10.8,26.2,0.5,1.8,2.2,0.043,-1.2,-1.9,-3.1,-0.7,9,SG,6-6,214.0,"June 14, 2000",ca CA,3,Duke,7.453,19216182,0
Norman Powell,16758621,SG,29,LAC,60,8,26.1,5.7,11.8,0.479,1.9,4.8,0.397,3.8,7.1,0.534,0.559,3.8,4.6,0.812,0.4,2.5,2.9,1.8,0.8,0.3,1.7,2.1,17.0,1567,17.1,0.612,0.404,0.39,1.7,10.7,6.3,11.0,1.6,1.0,10.8,26.0,2.1,1.4,3.5,0.107,0.9,-0.7,0.3,0.9,24,SG,6-3,215.0,"May 25, 1993",us US,7,UCLA,5.735,13214799,0
Gordon Hayward,30075000,SF,32,CHO,50,50,31.5,5.5,11.6,0.475,1.0,3.2,0.325,4.5,8.4,0.532,0.52,2.6,3.2,0.811,0.7,3.6,4.3,4.1,0.8,0.2,2.0,1.4,14.7,1577,13.5,0.563,0.275,0.274,2.2,12.6,7.3,19.3,1.3,0.7,13.2,20.0,0.8,1.1,2.0,0.059,-1.1,-0.3,-1.4,0.2,20,SF,6-7,225.0,"March 23, 1990",us US,12,Butler,1.291,2636883,0
Usman Garuba,2471160,C,20,HOU,75,1,12.9,1.1,2.4,0.486,0.3,0.8,0.407,0.8,1.6,0.525,0.554,0.4,0.6,0.617,1.6,2.5,4.1,0.9,0.6,0.4,0.6,1.8,3.0,970,12.9,0.569,0.333,0.266,13.4,21.4,17.4,8.8,2.2,2.9,19.2,10.5,0.9,0.9,1.8,0.091,-2.0,0.6,-1.4,0.2,16,C,6-8,220.0,"March 9, 2002",es ES,1,,2.57,7066141,0
Daniel Theis,8694369,C,30,IND,7,1,15.6,3.0,6.3,0.477,0.3,1.6,0.182,2.7,4.7,0.576,0.5,0.7,1.7,0.417,1.0,2.1,3.1,1.3,0.3,0.9,0.4,1.0,7.0,109,14.2,0.497,0.25,0.273,7.1,15.2,11.2,12.2,0.9,4.7,5.7,20.1,0.0,0.1,0.1,0.046,-0.9,-0.5,-1.4,0.0,27,C,6-8,245.0,"April 4, 1992",de DE,5,,1.183,2074537,0
Andre Iguodala,2905851,PF,39,GSW,8,0,14.1,0.9,1.9,0.467,0.1,1.1,0.111,0.8,0.8,1.0,0.5,0.3,0.4,0.667,0.4,1.8,2.1,2.4,0.5,0.4,1.1,1.4,2.1,113,7.3,0.521,0.6,0.2,3.0,13.4,8.3,20.3,1.7,2.3,35.5,9.4,0.0,0.1,0.1,0.044,-4.3,1.7,-2.5,0.0,9,PF,6-6,215.0,"January 28, 1984",us US,18,Arizona,2.653,4731803,0
Anfernee Simons,22321429,SG,23,POR,62,62,35.0,7.5,16.9,0.447,3.4,9.1,0.377,4.1,7.8,0.528,0.548,2.6,2.9,0.894,0.3,2.3,2.6,4.1,0.7,0.2,2.1,2.3,21.1,2171,14.8,0.581,0.538,0.171,0.9,7.6,4.3,18.6,0.9,0.6,10.2,25.1,2.1,0.3,2.5,0.054,1.3,-2.5,-1.1,0.5,1,SG,6-3,181.0,"June 8, 1999",us US,4,,1.315,2492412,0
Lindy Waters III,2316876,SG,25,OKC,41,0,13.0,1.7,4.3,0.393,1.4,4.0,0.358,0.3,0.4,0.75,0.556,0.4,0.5,0.8,0.4,1.4,1.8,0.7,0.3,0.3,0.2,1.0,5.2,531,11.8,0.573,0.91,0.112,3.2,12.2,7.6,7.0,1.3,1.9,5.1,15.5,0.6,0.5,1.1,0.101,0.5,-0.4,0.1,0.3,12,SG,6-6,215.0,"July 28, 1997",us US,1,Oklahoma State,0.755,1408950,0
Aaron Gordon,20690909,PF,27,DEN,68,68,30.2,6.3,11.2,0.564,0.9,2.5,0.347,5.4,8.6,0.628,0.603,2.8,4.6,0.608,2.4,4.1,6.6,3.0,0.8,0.8,1.4,1.9,16.3,2055,19.5,0.617,0.227,0.413,9.4,15.4,12.5,14.2,1.3,2.2,9.8,21.1,4.6,2.2,6.8,0.158,2.4,-0.3,2.1,2.1,50,PF,6-8,235.0,"September 16, 1995",us US,8,Arizona,1.798,2932415,0
Dylan Windler,4037277,SF,26,CLE,3,0,3.3,0.7,1.0,0.667,0.3,0.7,0.5,0.3,0.3,1.0,0.833,0.0,0.0,,0.0,0.0,0.0,0.3,0.3,0.0,0.3,0.0,1.7,10,19.0,0.833,0.667,0.0,0.0,0.0,0.0,15.2,5.0,0.0,25.0,17.9,0.0,0.0,0.0,0.149,3.2,3.5,6.7,0.0,9,SF,6-6,196.0,"September 22, 1996",us US,2,Belmont,1.512,2048449,0
